"","Comp1","Comp2","Comp3"
"LFxTRC5001",-0.0478436070492876,0.0296809732837712,-0.00862749163724481
"LFxTRC5002",-0.0320909916135492,0.0190884601957815,-0.00331312353483967
"LFxTRC5003",0.0219884838242201,0.000311103441461106,0.0113832597996117
"LFxTRC5004",-0.00267355976463785,0.0130732336269133,-0.0187158402724224
"LFxTRC5005",0.034031421019811,0.0127976202332905,-0.00881237049792218
"LFxTRC5006",-0.0143445034895415,0.0132822583721012,-0.0474759502818289
"LFxTRC5007",0.00534049390938374,0.000814570970375717,-0.0326150241739451
"LFxTRC5008",0.0331593543112829,0.0285504355902665,-0.00261748036933999
"LFxTRC5009",-0.00959772691740436,-0.00195432455613853,-0.0387483342484672
"LFxTRC5010",0.0122552009233236,-0.0325726448984072,0.00415336554598198
"LFxTRC5012",0.0134638985963718,0.0258183671151451,0.011513652198129
"LFxTRC5013",-0.0178299912326152,-0.00599423707337974,0.000203840156167096
"LFxTRC5014",-0.00372464019225948,0.0132779644992603,0.00346458221010629
"LFxTRC5015",0.0204283181250623,-0.00935681355731376,-0.0103080022006186
"LFxTRC5016",-0.0172348090106762,0.00531979628894993,-0.0110749602084231
"LFxTRC5017",-0.0171849316710729,0.0079628055307065,-0.016322735982621
"LFxTRC5018",-0.0273510264585596,0.00756331674104525,-0.0282091593307686
"LFxTRC5019",-0.0300520962602169,0.0100652618863751,-0.0253212217631859
"LFxTRC5021",0.0339369577210449,0.00892424592422198,-0.00634861608582199
"LFxTRC5022",-0.0290929545529245,-0.0117685889612918,0.00556105323991549
"LFxTRC5025",0.0237928704992785,-0.0257363783458993,-0.0452777590497924
"LFxTRC5030",-0.0176051539101056,0.0218553570990441,-0.0305488117108388
"LFxTRC5031",0.00169050141183234,0.017659541540127,-0.00432405182509355
"LFxTRC5032",0.00623690146461742,0.00883253168141999,-0.00949719252070818
"LFxTRC5033",-0.0274155889904865,-0.00604023183837174,-0.0167436202135563
"LFxTRC5034",-0.0374994745133821,0.000167540761454794,-0.00809732888385776
"LFxTRC5035",-0.0226464592572298,0.0220336219510268,0.0194905818827751
"LFxTRC5036",0.0117400476201339,0.0220081644718594,-0.0100808445534576
"LFxTRC5037",-0.000606350875846721,0.0069138493937708,-0.0134280579229577
"LFxTRC5038",-0.0351201224057754,0.0104224529291702,0.00327903006626872
"LFxTRC5039",0.0419591514156853,-0.0255184254561888,-0.0221263619435482
"LFxTRC5040",-0.00989317950644638,0.00790147146513635,0.0269442375443199
"LFxTRC5041",-0.0316787242786763,0.00236962529419917,-0.014862049488181
"LFxTRC5042",-0.0389832078040065,0.0143923094041941,-0.0329220461303519
"LFxTRC5046",0.0397312419074027,3.177856614001e-05,-0.00417225182213357
"LFxTRC5047",-0.00310408530644981,-0.0145259495442912,-0.0260175704459756
"LFxTRC5048",-0.0130683026350637,-0.0342282240669493,-0.0103141696231251
"LFxTRC5049",-0.0287863416774976,0.00709051598598024,0.0121533414001318
"LFxTRC5050",-0.0250537697182927,0.0338918071313366,-0.009809297355788
"LFxTRC5051",-0.0247796788890294,-0.0146711446747445,-0.00597804415011797
"LFxTRC5053",-0.0339989267028665,0.0252984594525966,-0.00767400295860663
"LFxTRC5057",-0.00074050254817807,-0.0137713930378379,-0.0184084495938264
"LFxTRC5058",-0.0170113629859142,0.0163999168632903,-0.0219714883425044
"LFxTRC5059",-0.0055809175068611,0.00793059993975646,0.00477856115499998
"LFxTRC5061",0.0114756069900846,0.0282589988404862,-0.0391034615908368
"LFxTRC5062",-0.0606725082943539,-0.00622524783121913,-0.0199132859504774
"LFxTRC5064",-0.0300008494674088,0.00460724462372397,-0.0186754723852479
"LFxTRC5065",-0.0379100664546259,0.00537177653210066,-0.0314339404982152
"LFxTRC5068",-0.0361579546027606,0.00143149044907677,0.00552872134075989
"LFxTRC5069",-0.0425245819255991,0.00424236713760791,-0.0108567711777968
"LFxTRC5070",0.0105068665717919,-0.00200373683059059,-0.00569393380884811
"LFxTRC5072",-0.0158717034000067,-0.0187481581736927,-0.0217420040278581
"LFxTRC5073",-0.0107719162714534,-0.0347922618852222,-0.031231722591381
"LFxTRC5074",-0.000246614677116546,-0.00945083801127692,0.0197526149304965
"LFxTRC5075",-0.0371455782276218,0.0325583139176505,-0.0224126764175053
"LFxTRC5077",0.000860435779539907,0.0136979031684473,-0.00170089336138929
"LFxTRC5078",0.0113584758295848,-0.00424077283677421,0.0316209275751504
"LFxTRC5079",-0.0202331210840246,0.0122696293803468,0.0303213743603835
"LFxTRC5080",-0.0479244476415932,0.0107023208959809,-0.00530066196693909
"LFxTRC5081",0.0265872070153752,0.0288182703513448,-0.000608828995671583
"LFxTRC5082",-0.024468859458414,0.0233033141584685,0.0276452616730675
"LFxTRC5083",0.0227450213528605,-0.035223668971179,0.0145671576207291
"LFxTRC5084",-0.0356255705830517,0.00954586747541975,-0.0234519227006214
"LFxTRC5085",-0.0088094201463345,0.00731484315309196,-0.00449359863487101
"LFxTRC5086",0.00177078513598758,-0.0168226583501422,-0.0037861769392614
"LFxTRC5087",0.0209348159006601,0.0172948298620718,-0.0347189227919097
"LFxTRC5088",0.00961462580893316,0.016826761602898,-0.0126870258422179
"LFxTRC5089",0.00743076217431127,0.00200482280053595,0.00658926302563544
"LFxTRC5090",0.00297091902936694,-0.00733205336695369,-0.0161603445795664
"LFxTRC5091",-0.00328863100883661,0.00430844231354677,-0.0361896168285357
"LFxTRC5092",-0.0199986949717053,0.0041347298697839,0.00427951630323195
"LFxTRC5093",-0.0296433796350383,-0.0101987080577775,0.00552218569079478
"LFxTRC5094",0.00907732247319338,-0.0036329140983103,-0.0261439759464812
"LFxTRC5095",0.0301992144085572,0.0353847723314277,-0.0108366276307514
"LFxTRC5096",-0.00334440320253407,0.0044150409764696,-0.0401835630567004
"LFxTRC5097",-0.0173649300133346,-0.0101037253002305,-0.0100636098476946
"LFxTRC5098",0.0324144149004194,0.0363830761237879,-0.0143700210010289
"LFxTRC5099",0.0121592462996913,0.0125015347409686,0.0114688485660664
"LFxTRC5100",-0.0140411975685315,-0.0124852419108258,-0.0312299552812868
"LFxTRC5101",0.01171917116385,-0.03336500734873,-0.0154174123293496
"LFxTRC5102",-0.00592843476330798,0.00712067131918397,-0.00129699239579521
"LFxTRC5103",-0.0372681966871333,-0.0271511287140431,-0.00866954446875734
"LFxTRC5104",-0.0173417066053711,-0.0307639772608225,0.0103683405555966
"LFxTRC5105",0.00259787362951068,-0.00497514087354143,0.012638462999224
"LFxTRC5106",-0.0248082743857637,0.00872840019622662,-0.0190553537104844
"LFxTRC5107",-0.000571763782286107,0.0299336952056209,-0.00241121848012799
"LFxTRC5108",-0.000530822851890736,0.00692906226571888,0.0101766749680792
"LFxTRC5109",0.0280632430029465,-0.00163865410725118,-0.00572837002861326
"LFxTRC5110",-0.0318599728507111,0.0217045728789552,-0.0128093768286303
"LFxTRC5111",-0.0211879875334419,-0.0141156727398737,0.00127944420941818
"LFxTRC5112",0.020946606604094,0.0333626987972199,0.00892813433279102
"LFxTRC5113",0.00370934972140524,0.0104972086712296,0.00305827375980665
"LFxTRC5114",-0.0198218657653687,0.02073397601674,0.0074346789905361
"LFxTRC5115",-0.0108179680564719,-0.0187360813511275,-0.024902288731513
"LFxTRC5116",0.00395713634122208,-0.0281391700651561,-0.0241312592005267
"LFxTRC5117",0.00432908831994366,0.00789289892698505,-0.0141884094216488
"LFxTRC5118",-0.00105499840629119,0.00627148030647265,0.00779268141804982
"LFxTRC5119",-0.0145660343628123,-0.0135941899595298,0.00926985818189285
"LFxTRC5120",0.00395200981863839,0.0220384597110683,-0.017101973285487
"LFxTRC5121",-0.029496402275898,-0.00222849524168687,0.0228727191100965
"LFxTRC5122",0.0127090748655804,-0.00577158425080487,-0.0128146768635335
"LFxTRC5123",-0.0265986114119845,-0.00814547233534972,0.0228274498291013
"LFxTRC5124",-0.0110462510632431,-0.0252513262728616,0.0325382403183452
"LFxTRC5125",-0.0286690459727777,-0.0153827751916623,0.0148959292903017
"LFxTRC5126",-0.0058687313170597,0.015535687965136,0.0119992049088067
"LFxTRC5127",-0.00748276792372583,0.0296071982600911,0.0363209590000165
"LFxTRC5128",-0.0304396911619142,-0.00791147199253375,-0.0174830842413216
"LFxTRC5129",-0.0341890502591651,-0.0128964329091093,0.00943514666893996
"LFxTRC5130",0.00120768582559549,0.00841135225123198,0.0212611368484606
"LFxTRC5131",0.0104856837160735,-0.00725233210898175,-0.0242468099275948
"LFxTRC5132",-0.0203228726628953,0.00911218351548929,0.0207067062159261
"LFxTRC5133",-0.00962054653436107,0.0159676668439852,0.000900554016739437
"LFxTRC5134",-0.0084509279529894,-0.000115471384278718,0.0315088003222382
"LFxTRC5135",-0.00611080254900902,0.0246385597479689,-0.0199107453532701
"LFxTRC5136",-0.00356990415210712,-0.0119333920471877,0.00283620961671586
"LFxTRC5137",0.0245495810987456,0.0131032695998558,-0.00654617738037741
"LFxTRC5138",-0.0328358022948493,0.0167302479445311,0.0222082244752577
"LFxTRC5139",-0.026774457815148,-0.00409689053429248,0.0167906839281207
"LFxTRC5140",-0.0176084314408667,0.0223367059098456,0.012165158644921
"LFxTRC5141",-0.0683920431027746,0.00453716992600344,0.030564984428915
"LFxTRC5142",-0.030565311667618,0.0120134931329513,0.0193657247415809
"LFxTRC5143",-0.0136671642965805,-0.0534592882508093,0.0247925149516043
"LFxTRC5164",-0.0125857749904608,-0.00997630894607995,0.00445112393534277
"LFxTRC5165",0.00348938670023618,9.41878637741916e-05,-0.0130494322685845
"LFxTRC5166",-0.00100820055906739,0.00981107223220057,0.0227756887329883
"LFxTRC5167",0.0355092699478736,0.0207939930244441,0.0053108984241351
"LFxTRC5168",-0.00894798906913514,0.0225166047452795,0.0190366318203255
"LFxTRC5169",-0.0609666184951445,0.0206221062527054,0.00390818122081454
"LFxTRC5170",-0.0253789943892417,-0.000502485282331705,0.0266789256428044
"LFxTRC5171",-0.00387081866056334,0.00219523230283138,0.0433927484306525
"LFxTRC5172",-0.0183111773622031,-0.00402703807830315,0.0169251336308011
"LFxTRC5173",-0.0207344596149203,0.0235415174639499,-0.00821565108678967
"LFxTRC5174",-0.00895739002637953,0.00692204119502489,0.0367219416270938
"LFxTRC5175",-0.100554989721343,0.0115978424134046,0.0175776859557945
"LFxTRC5176",-0.00811812971605358,-0.00611263116743301,0.0167146448091339
"LFxTRC5177",-0.0128277624179603,-0.00801714425020288,0.0259846403373506
"LFxTRC5178",-0.0319452216013307,-0.0185740261745368,0.0149551785681166
"LFxTRC5179",-0.0350710576290201,-0.0384109424087222,0.0152765605743294
"LFxTRC5180",0.0377466710354417,0.025041735239633,0.0291217504198942
"LFxTRC5181",-0.0100824627905772,-0.00188828700695075,0.0177613081167115
"LFxTRC5182",-0.0161822015741115,-0.0278069493572827,0.0271222432403393
"LFxTRC5183",-0.0363082019464097,0.0224128514928168,0.0234183849484135
"LFxTRC5184",0.0476494397601887,-0.00392019996528256,0.0279556843726548
"LFxTRC5185",-0.00412258703022877,0.0290154651860836,0.0150664812361733
"LFxTRC5186",0.00527972854978216,0.00429911179638645,0.0104221764999674
"LFxTRC5187",-0.00722461264072123,0.000456528116607125,-0.00399620827694674
"LFxTRC5188",0.00132144178281924,-0.0164433038942684,0.00865755872623871
"LFxTRC5189",-0.0237805913972534,0.00741816052948534,-0.0347397552099778
"LFxTRC5190",0.0234010771324663,-0.00244701599775131,0.000199838499713119
"LFxTRC5191",0.0134810755418031,0.0395763642205324,0.0186554727255468
"LFxTRC5192",-0.0260213853987572,-0.0175831650466626,0.0100767102817083
"LFxTRC5193",-0.0300690266569385,0.00518977197297594,-0.0168189461895677
"LFxTRC5194",-0.0143057683117656,0.00157231037405509,0.0214583739229322
"LFxTRC5195",-0.0325006097831372,-0.0175161655926753,0.0134592182140529
"LFxTRC5196",0.0210251781074148,-0.0163635885852135,0.0297552115865259
"LFxTRC5197",-0.0247510105520234,0.00440511282709983,-0.0114905797046194
"LFxTRC5198",-0.0220588610236541,0.0276851866602368,0.00885641075447432
"LFxTRC5199",-0.0151642200373052,0.000587652556043922,-0.00555843054007327
"LFxTRC5200",-0.0279419987875814,0.0255480450942089,-0.000577823862543039
"LFxTRC5201",0.01405716492121,0.0396122975860114,0.0250631125868725
"LFxTRC5202",0.00621807716363532,0.0243154311192907,0.0164324142422542
"LFxTRC5203",0.0150272902006664,0.0202888406626706,0.027438035944706
"LFxTRC5204",-0.00707271271247243,0.0391148146260045,0.0155949736587768
"LFxTRC5205",-0.0229655213128389,0.0327164426357078,0.0156485060605188
"LFxTRC5206",-0.0449663770093272,0.000650169557239069,-0.00603952679547946
"LFxTRC5207",-0.0320481285587597,0.0245492259437583,0.0185472192446445
"LFxTRC5208",-0.00782475384265164,-0.0164314486477093,-0.0079872344053113
"LFxTRC5209",-0.0690458650549637,0.0216774878235031,0.0268517731932821
"LFxTRC5210",-0.0200821406890716,0.00803834719766763,-0.0178479729154399
"LFxTRC5285",0.026547253736709,0.0065086759141487,-0.000557043255883767
"LFxTRC5301",-0.00503761914924831,-0.0119886669993597,0.00341348824458217
"LFxTRC5302",-0.0247909879561448,-0.0170762663599349,-0.0419936797168026
"LFxTRC5305",-0.0189678245247359,-0.0189934089118299,0.00272406367257092
"LFxTRC5306",-0.0472625532493588,-0.00367692949523624,-0.0339909924128339
"LFxTRC5308",-0.0426568964834219,-0.0183356068242648,-0.0127696863179042
"LFxTRC5309",0.00418289872403749,-0.00641744232693858,-0.00208632323147025
"LFxTRC5313",0.0187540499338881,0.0146699477218315,-0.0108560467400906
"LFxTRC5314",0.0140485229700185,-0.0191498366488422,-0.0210077738500089
"LFxTRC5316",-0.0107501165334091,-0.0266784608865606,0.00383339369657145
"LFxTRC5334",-0.0217802750092818,-0.0417002962554521,-0.0216873815516517
"LFxTRC5338",0.0213932370308315,-0.017895782099147,0.00819833717164623
"LFxTRC5353",-0.0121360270735046,-0.00859983292707895,0.00112992381905797
"LFxTRC5355",0.0319091407397117,0.0010397675375086,0.00212696977588761
"LFxTRC5356",-0.00169824908533167,-0.023097947009321,0.00424580147005831
"LFxTRC5357",0.0335334269913915,-0.0364064782680158,0.000312236144712276
"LFxTRC5359",-0.015152996774652,0.0106069336783658,0.0111841474888325
"LFxTRC5360",0.0257142810744923,0.0150157106648655,-0.00717069764913866
"LFxTRC5361",-0.0115554408877837,0.00397184869551585,0.0132320216105696
"LFxTRC5362",-0.0034855083332092,0.0232789180536166,0.00361781488585314
"LFxTRC5363",-0.0253159290886321,0.00148873104191806,-0.00801169573545499
"LFxTRC5364",0.00232627748484626,-0.0190793665659544,0.0207315257608556
"LFxTRC5365",-0.010486742961483,0.0184445826292418,-0.0199428545974663
"LFxTRC5366",-0.0164054182405859,-0.0115699810291717,0.0232632945630677
"LFxTRC5367",-0.0219255152549173,0.0155365557200193,-0.0046599455402172
"LFxTRC5368",0.00186760850238373,-0.0294266857125458,-0.000362333699276623
"LFxTRC5369",0.000942198822321744,-0.00716865092583012,-0.00662353087666878
"LFxTRC5371",-0.0159903307052861,0.00126670850102738,-0.00405440790237959
"LFxTRC5373",0.00428419001175241,-0.0268961239203969,-0.00203304168256313
"LFxTRC5374",-0.00539868432346109,-0.0435833220021463,0.0150748445517885
"LFxTRC5375",-0.0152058454281194,-0.00995453851741135,-0.00750820714051298
"LFxTRC5376",-0.0244749720837385,-0.0033531748685801,0.0218530674003965
"LFxTRC5377",-0.0148753705362279,-0.02296650561765,0.0110446663870653
"LFxTRC5378",-0.000424913752724867,0.0225358799869688,0.0220677653286786
"LFxTRC5379",0.0248365176857685,-0.00391097065941781,0.0184939913520916
"LFxTRC5380",0.015345368507767,-0.00945260147015133,0.00233843385800605
"LFxTRC5381",-0.0238934155413968,-0.00272706355105198,0.0142107677951459
"LFxTRC5382",-0.0183367180026243,-0.00495142549233051,0.00968040751360114
"LFxTRC5384",0.0111227496440819,-0.0155558509432494,0.0243298727102902
"LFxTRC5385",0.0405842075049702,0.00371484208458163,-0.00908633221428441
"LFxTRC5386",0.0136534093750308,-0.00348716197099283,0.00821547517427772
"LFxTRC5387",-0.00310636498055861,-0.0282383513904338,0.0156710532373248
"LFxTRC5388",0.0260805715968436,0.0238467584961314,-0.000136972930003917
"LFxTRC5389",-0.0158355751731223,-0.0289851125404266,0.0095541870104212
"LFxTRC5390",0.0300168758966497,0.0051846659559524,0.0180352211597549
"LFxTRC5391",-0.0192201573453101,-0.0217189656776659,0.0408144702886903
"LFxTRC5392",0.0362391275916749,0.0134534861364112,0.0256762817047238
"LFxTRC5393",0.0177438719697493,-0.0310876107330036,0.0120607385354905
"LFxTRC5394",0.00399009670900814,-0.00860542406319819,-0.0125316633846258
"LFxTRC5401",-0.00117660522163968,-0.0144165599848717,0.0192238205926104
"LFxTRC5402",-0.0269989704871977,-0.015942869795442,-0.00327951695106967
"LFxTRC5403",0.0156897389392019,-0.0105224661626083,0.0104638553939211
"LFxTRC5404",-0.00172675827783551,-0.0211577587073971,-0.000453000008877575
"LFxTRC5405",0.00895115235013348,0.0152292945827937,0.0017573016106408
"LFxTRC5407",-0.00955751710642363,-0.0308693726257381,-0.0156185934779005
"LFxTRC5409",0.00230767074802603,-0.0130642188258218,-0.0156889292983039
"LFxTRC5410",-0.00797085582122021,-0.0238141615521962,0.0233520523806857
"LFxTRC5411",0.0195077899621502,-0.0334985570538368,0.0172678051711636
"LFxTRC5412",-0.00646740837459478,0.023885844371904,0.0226975522119475
"LFxTRC5413",0.041632489669111,-0.00750578997003033,0.00810909659156567
"LFxTRC5414",0.0258177004977707,-0.0279267245749212,0.037795261730139
"LFxTRC5416",0.00737193399312038,0.0340309988107813,0.00753959691947617
"LFxTRC5417",0.00327359413651737,0.0270585920305125,-0.0132219865076305
"LFxTRC5418",0.0255458475708266,0.0388107067225424,-0.0222078378206599
"LFxTRC5419",0.00706181892468601,0.00527233752347621,0.0306102703734795
"LFxTRC5420",-0.00184480939150327,-0.0246731722993913,0.00471822624725143
"LFxTRC5421",0.0365383253403127,0.0243092125600894,-0.00129875220842985
"LFxTRC5422",-0.0124299515728108,0.0135986382090634,-0.00207179608745573
"LFxTRC5424",0.0113762472577845,-0.00809049505532386,0.00645599504554667
"LFxTRC5425",0.0266869445019688,-0.0548054753634167,-0.0162857765905391
"LFxTRC5427",0.0166214321199416,0.00217184778094934,0.00593244250926508
"LFxTRC5429",0.01532843074831,-0.004812608334467,0.0180441310178694
"LFxTRC5432",-0.00677950350124123,-0.00121846961627939,0.0127421866976758
"LFxTRC5433",0.0406712336928235,-0.0212832001993177,0.0439498069137417
"LFxTRC5435",0.0037518923418656,-0.0306784173429545,0.0106834174414012
"LFxTRC5436",-0.00288871042632267,0.0238408842138146,0.0119755566240419
"LFxTRC5437",-0.00507350820698917,0.0242439984413779,0.0148598562870673
"LFxTRC5438",0.00261288991828614,0.0100096575471821,0.0433402564960005
"LFxTRC5439",0.00859686578154484,0.0314611217251997,0.0213052540152305
"LFxTRC5440",0.0410329692995373,0.0108051862175596,0.0144863985600586
"LFxTRC5441",0.0181160467621958,0.00791111827982497,0.0200686977771118
"LFxTRC5442",0.0274785678014651,0.02116777075874,0.0222938210949333
"LFxTRC5443",0.0359402649421424,0.00316188599746803,0.0262107331044575
"LFxTRC5444",0.00518991759745699,-0.028171995114304,0.0143248099923835
"LFxTRC5445",0.00829385899232302,-0.00443942568268338,0.0103101507814937
"LFxTRC5446",-0.00708245095373464,-0.0188264167953509,0.00367826576823841
"LFxTRC5447",-0.0417168114823279,0.030722135645,0.00938810757272079
"LFxTRC5448",-0.0102799865049783,0.00243324974601557,0.0192789081785229
"LFxTRC5450",0.037866817560716,0.00066286298290646,-0.0165913820823477
"LFxTRC5452",-0.00831470559261686,-0.0156253651471828,-0.0199839993325532
"LFxTRC5453",0.0029360079006462,-0.0062069552057126,0.00990783030746173
"LFxTRC5454",-0.034940186515606,-0.0021673364837765,0.0184643439182103
"LFxTRC5455",0.0379755563453334,0.00473190153661244,0.0120642802252348
"LFxTRC5456",0.0101566568418234,-0.00292449458302949,0.035921869608398
"LFxTRC5457",0.00738472410197295,0.0278980619628237,0.00137277136353556
"LFxTRC5458",-0.0178160944320106,-0.000458710460606328,0.0291502362798763
"LFxTRC5459",-0.0231963573652622,0.0277864349839872,-0.00792449318009546
"LFxTRC5460",-0.0126023979275702,0.0261620794163627,0.00914794346126083
"LFxTRC5461",0.0389942931208973,0.00586564916835814,0.0106236767327917
"LFxTRC5462",-0.00115818137735907,0.0021914158226281,0.0261330106834387
"LFxTRC5463",0.0213286663825452,0.00244801509993882,0.0358873893834373
"LFxTRC5464",0.0525868479740072,0.00264029402911676,0.0223042684385463
"LFxTRC5465",-0.0187089677712183,-0.0379095858731637,0.00873483751489655
"LFxTRC5480",0.0111421815402676,0.0106595232042138,-0.0106952457654179
"LFxTRC5481",0.00344931739375177,-0.0234959863352194,-0.00452020369206069
"LFxTRC5482",0.0348807205241978,-0.000278365935599624,0.000480047234706131
"LFxTRC5483",-0.00749842321213656,-0.0401919817396301,0.00146858862544202
"LFxTRC5484",-0.0442794751221244,0.0047706824101482,0.0049088097826068
"LFxTRC5485",-0.0255454218096427,-0.0193391417530998,0.00389951165256015
"LFxTRC5486",0.0208250280871633,-0.00251854063454814,-0.00675960552836914
"LFxTRC5487",-0.0105037475183637,-0.00257846795362336,0.0128793284835331
"LFxTRC5488",-0.0178960421295117,-0.0251241217098997,-0.0150844351157662
"LFxTRC5489",0.0267376418108398,-0.0196173916959638,0.00423448657359052
"LFxTRC5490",0.00633282035517384,0.03263058690098,0.00152066218129371
"LFxTRC5492",0.0166104156017072,0.014334649802926,-0.00456764525871904
"LFxTRC5493",0.0139312219448772,-0.000436582276817221,0.0224898647837894
"LFxTRC5494",-0.0223573679739673,-0.0152804269248757,0.0271270503896324
"LFxTRC5495",-0.000688756353756198,0.00363925207242539,0.0114828216055284
"LFxTRC5496",-0.00530946163643772,-0.00645833081233436,0.0184462396051686
"LFxTRC5497",0.00840301973445917,0.0143954420000768,-0.010700889371113
"LFxTRC5499",-0.000375990413902832,0.0233468831853345,0.0094470169307521
"LFxTRC5500",0.0485190526835529,0.00807506036406862,-0.00551647338505035
"LFxTRC5501",0.00969815609099397,-0.0291069235286986,0.0106800655913035
"LFxTRC5502",0.00385349330126326,-0.00347963056058994,-0.00780455428342644
"LFxTRC5503",0.036672763560739,-0.0186578726387215,-0.0126748539667401
"LFxTRC5507",-0.0154826702435389,-0.0385739646672098,-0.00487620533613008
"LFxTRC5508",0.0373812239122745,-0.00312921160361882,-0.0192740103027564
"LFxTRC5509",0.0116645005579684,-0.0483726385434321,0.00814907293960111
"LFxTRC5510",0.0106980187544109,0.00869057600923399,-0.0140536240000804
"LFxTRC5511",0.0146083017204452,0.0145846007644826,-0.00716936154157241
"LFxTRC5512",0.0211082807358032,-0.00110884621051264,-0.0118219978749
"LFxTRC5513",0.00491763764523957,-0.0273585673664097,-0.00244190748505769
"LFxTRC5514",-0.00378791611438401,0.0142760826176377,0.00678254496318431
"LFxTRC5515",-0.00225670655572392,-0.00604718195446641,-0.0312289962863295
"LFxTRC5516",-0.0117398284722049,-0.0227792264910334,0.000670971514873781
"LFxTRC5517",0.0227485747580849,0.0222698946271452,-0.0167135382419621
"LFxTRC5518",0.0350314572655531,0.0360667348809593,-0.0168593920739689
"LFxTRC5519",-0.040693868151603,0.0141761410466748,0.00686352874272446
"LFxTRC5520",-0.00390922910764722,-0.0604158668841452,0.0057585528911675
"LFxTRC5521",-0.0126426980397412,0.0210625840917081,0.0149126715193264
"LFxTRC5522",-0.00148095759270915,-0.0205657759522324,-0.00782498907150802
"LFxTRC5523",-0.0136024372874587,0.004398371434927,-0.0230902123282662
"LFxTRC5525",0.0269670844955251,-0.00182820766265695,0.00650535551681693
"LFxTRC5526",0.0256351630629142,-0.0106625583637099,-0.00418310125407205
"LFxTRC5527",0.0071778654335479,-0.025675830826093,0.0085699706405693
"LFxTRC5528",0.00745205489015079,0.0097689036584411,0.00503305723334847
"LFxTRC5529",-0.00861255561925026,-0.00884221337368439,-0.0251713141410316
"LFxTRC5530",-0.0301190050185917,0.0123381106584695,-0.025610135262402
"LFxTRC5531",0.00489000408734092,-0.0243890308672623,0.0353176402959767
"LFxTRC5532",-0.0319932783301041,-0.0205813331249954,-0.00364829962768602
"LFxTRC5533",-0.0116861684123938,0.00784242203385632,-0.018595713100062
"LFxTRC5534",-0.00221706495973263,-0.000820974270421831,-0.0390196534757186
"LFxTRC5535",-0.0149203429186301,-0.0154567901630507,-0.00666262104619761
"LFxTRC5536",0.0184777395367713,-0.0143333671795382,-0.00563129638135813
"LFxTRC5537",0.00675063663269238,0.000829861423510755,-0.0004540230027489
"LFxTRC5538",0.0534057999556672,0.0102427099447901,-0.0153016705802125
"LFxTRC5539",-0.0268897293592999,-0.00464485346485873,0.0055066032282598
"LFxTRC5540",0.0300323037345267,0.0169071392639412,-0.0113726869787108
"LFxTRC5541",0.00105910377673091,-7.47094088677916e-05,0.0113842291270555
"LFxTRC5542",-0.00460227956936252,0.00818907437061326,0.0165864136382543
"LFxTRC5543",-0.00245711257781042,0.0316264818195139,0.0162789033180326
"LFxTRC5544",0.000776637419837425,-0.00968776324409549,-0.00488813291269322
"LFxTRC5545",-0.0222885659321411,-0.0127011138141628,0.0011151256141644
"LFxTRC5546",-0.0152692003209444,0.010994566773599,0.00825378370026008
"LFxTRC5547",0.0437687267438026,-0.000697814880807735,-0.00453381644087515
"LFxTRC5548",-0.0316182416060625,0.0386632830712161,0.00681620610708785
"LFxTRC5549",0.00666980266303723,0.00647815188182169,0.0269809224384848
"LFxTRC5550",-0.0485194883533722,0.00892762716106197,-0.0160450571827466
"LFxTRC5551",0.0159661678995941,-0.00275435186683834,0.0143524713056818
"LFxTRC5552",0.0265468890603004,-0.0193328855258457,0.00317003441690829
"LFxTRC5553",-0.0143509290558489,0.0136851798742029,-0.0136862194486965
"LFxTRC5554",0.0101091145650324,-0.0210620093461317,-0.011819040891566
"LFxTRC5555",0.0286744060263094,0.0124343090273413,-0.0160416526965584
"LFxTRC5556",0.0300129024966013,-0.00924634286146156,-0.00277698287306151
"LFxTRC5557",0.00535152120748235,-0.00211111791605199,0.00368230757633437
"LFxTRC5558",0.0266406242363589,-0.00272935020324142,-0.0140180864860908
"LFxTRC5559",-0.00589770463913348,0.0149441492253202,0.00588416762695104
"LFxTRC5560",0.0217501351989523,-0.00677601585123998,0.00840613916459236
"LFxTRC5561",-0.0180193665136919,-0.0161763375918808,-0.0198043737101926
"LFxTRC5562",0.0354237931509415,0.00482173473363386,0.0041668919860331
"LFxTRC5563",-0.00269942479921689,-0.0159830834930017,-0.0155355882586812
"LFxTRC5564",0.0448845528188581,0.00228205673098965,-0.0250127618211975
"LFxTRC5565",0.0455966528515525,-0.0118727408497396,-0.00125088281083978
"LFxTRC5566",0.0209705656734892,0.0323015830463988,-0.00666829967675451
"LFxTRC5567",0.0154360751250946,0.00185349993679969,-0.0114654965569246
"LFxTRC5568",0.020207144639705,-0.00737450189154418,0.0169230336815194
"LFxTRC5569",0.0524831449899916,-0.00954234317821535,0.0180750601563941
"LFxTRC5570",0.0128339346124188,0.00953982358602455,0.00690475155724346
"LFxTRC5571",0.0530966821147758,-0.0192236611464407,-0.0190939898872573
"LFxTRC5572",0.0399560487329949,-0.0198390541218386,-0.0119932430375721
"LFxTRC5573",0.00400208164555954,-0.0482513352478616,-0.0136279379203818
"LFxTRC5574",0.0145178532467638,-0.0429557352179479,-0.0174154327109344
"LFxTRC5575",0.0131332009718053,0.0155458312635433,-0.0284387451473328
"LFxTRC5576",0.0156670867107016,-0.0136205197687537,-0.00416528222531317
"LFxTRC5577",0.00174659542954572,-0.00300874614207086,0.00702518418840565
"LFxTRC5578",0.0377590386029223,0.0132942832470939,-0.0114351406282019
"LFxTRC5579",0.00103560590123629,0.0424265568350784,0.00333994288184341
"LFxTRC5580",0.0107723841159872,0.0178652313494977,-0.00986901296345708
"LFxTRC5581",0.041848610367588,-0.0138342307701968,-0.0020338698293214
"LFxTRC5582",0.0372472641955303,-0.0308501311963052,-0.0311461764683605
"LFxTRC5583",0.0358986112892302,0.0162364390348287,-0.00221899149977881
"LFxTRC5584",-0.00944446668795616,-0.0417588178613411,-0.00336417280726652
"LFxTRC5585",0.0225016618873181,0.00786184720360495,-0.000214513559690696
"LFxTRC5586",0.030011086025826,0.00377432454209153,-0.0384490630723789
"LFxTRC5587",-0.0192214309725581,-0.0231682011966399,-0.024783764759654
"LFxTRC5588",0.049759664089987,-0.022800919081975,-0.0144116203028426
"LFxTRC5589",0.0203677642713809,0.036403985030456,-0.0298116814465183
"LFxTRC5590",0.0078192380817486,0.00998950265807452,-0.0440906282026181
"LFxTRC5591",-0.0289045793436592,-0.00603551079524975,-0.0449557524250551
"LFxTRC5592",-0.0395134319646474,0.00128585390795292,-0.0496783417092995
"LFxTRC5593",-0.0170277557380146,-0.00553201212918365,-0.0246996271372325
"LFxTRC5594",0.00147443097602712,-0.00823788414703566,-0.0323690827343018
"LFxTRC5595",0.0129955549773113,0.0138415987239477,-0.0416868217373983
"LFxTRC5596",-0.00218864196136551,0.0106924313788398,-0.0260132480264851
"LFxTRC5597",0.0358147759113517,-0.0087598090659582,0.0107844140769442
"LFxTRC5598",0.0157096509135378,0.00862939310414782,-0.0112498652747348
"LFxTRC5599",0.0485996073133172,0.0264373639672403,0.000149058637018667
"LFxTRC5600",0.0230433360722112,-0.0105113137492147,-0.00750911647791931
"LFxTRC5601",0.0422901738765109,0.021651409580718,-0.0278204193772288
"LFxTRC5602",0.0206364089657018,-0.0313501971778635,-0.00473547692989157
"LFxTRC5603",0.034114056978974,0.00674667182909612,-0.0294912397126606
"LFxTRC5604",0.0241496527232485,0.013854633825021,-0.000551505977478339
"LFxTRC5605",-0.0197651168488683,0.000811510108851254,0.0163921475611795
"LFxTRC5606",-0.0100864658818728,-0.0176906440371005,0.0115383540575331
"LFxTRC5607",0.0206958410351155,-0.0288887490800958,0.00279960460058961
"LFxTRC5608",0.0457763275614637,-0.0102469064664091,-0.00238046951284685
"LFxTRC5609",0.0284018254223642,0.00818204079996765,-0.0173168231910432
"LFxTRC5610",0.0116690713708828,0.0148698580081991,-0.0343097289959884
"LFxTRC5611",0.00304144482407692,0.0407872447269804,0.000800988172734061
"LFxTRC5612",0.0335408565961884,-0.00573760725072112,0.0162991212432143
"LFxTRC5613",0.0113764967861845,-0.0356965693350215,-0.00369297357666393
"LFxTRC5614",0.0326090616251419,-0.00811343010600618,0.0162005067961496
"LFxTRC5615",-0.0409181691344547,-0.0427230473831569,-0.0248072122379521
"LFxTRC5616",0.0246416992758591,-0.00148883735877859,0.0404142102047865
"LFxTRC5617",0.0232559646390248,0.0128485029405503,0.0357246974428224
"LFxTRC5620",0.0364448541245993,0.020663168967326,0.00553305309631218
"LFxTRC5621",-0.00486866386133772,-0.00363548403394961,-0.00476665890369989
"LFxTRC5622",0.018435179139027,0.0131877819518825,-0.00299804925950047
"LFxTRC5623",0.0370862635255003,0.0267593933322292,-0.0101808928149894
"LFxTRC5634",-0.0111880867385614,0.0139727623322684,-0.012121386972358
